year_month,PM25,PM10,NO_2,O_3,SO_2,categoria_PM25,categoria_PM10,categoria_NO_2,categoria_O_3,categoria_SO_2,Calidad_Aire_General
2001-01,,29.483589893234114,57.06044315623686,19.503658147719854,24.9997255715102,5,2,2,1,1,Muy Malo
2001-02,,37.24260448316666,64.68585222304493,20.52499741121317,29.10700356756415,5,2,2,1,1,Muy Malo
2001-03,,25.040909095976975,49.46773344773321,29.01120476767623,18.514022981898385,5,2,1,1,1,Muy Malo
2001-04,,25.705201393610025,53.116105128965906,40.434246122904085,15.14661997284735,5,2,2,1,1,Muy Malo
2001-05,,28.8195090230397,64.06987043818961,41.04291035075764,14.720222760198443,5,2,2,1,1,Muy Malo
2001-06,,39.14604029862425,67.47830922438213,46.03370633310303,15.20781386395211,5,2,2,1,1,Muy Malo
2001-07,,36.23575185730143,61.66838635192743,47.15102296464206,11.965867290489394,5,2,2,1,1,Muy Malo
2001-08,,38.682466946062725,55.70993048342066,47.08908968878762,10.264759830966529,5,2,2,1,1,Muy Malo
2001-09,,36.81539009118383,65.25510826272615,38.86368761126596,11.570331707671354,5,2,2,1,1,Muy Malo
2001-10,,32.315528203999556,59.14796829434122,22.1818421862531,12.80093768627493,5,2,2,1,1,Muy Malo
2001-11,,35.00217320205876,68.71013239343739,19.464566540177096,25.4746849860753,5,2,2,1,1,Muy Malo
2001-12,,51.58456437073336,88.81537710889413,9.363157608049661,31.391827705113645,5,3,2,1,1,Muy Malo
2002-01,,36.57827133220875,73.92977537920804,11.365121003474755,24.109524447047452,5,2,2,1,1,Muy Malo
2002-02,,37.55615352458675,69.75200322660156,19.12556257212016,21.055780973471546,5,2,2,1,1,Muy Malo
2002-03,,31.51698002970839,65.42867294254653,31.325296440857354,15.043368236797846,5,2,2,1,1,Muy Malo
2002-04,,32.2874956570077,68.94107849518718,42.82673934491123,11.831150868030281,5,2,2,1,1,Muy Malo
2002-05,,25.939574073083403,53.06190873785293,45.1898834136843,8.903488510095599,5,2,2,1,1,Muy Malo
2002-06,,43.609613206271256,56.85424519932027,48.6366189974033,8.302695712052357,5,2,2,1,1,Muy Malo
2002-07,,38.39268073119961,55.779088764807454,52.09505109200659,7.945205449497667,5,2,2,1,1,Muy Malo
2002-08,,34.03850637312395,52.53226771755603,50.50837905277917,7.65404310564757,5,2,2,1,1,Muy Malo
2002-09,,34.23491777244292,64.19336598697237,34.376796370286364,9.454568383915221,5,2,2,1,1,Muy Malo
2002-10,,30.74149142951078,62.655914570835264,22.053402036536667,10.89143448912611,5,2,2,1,1,Muy Malo
2002-11,,27.51777689513056,60.828751571137374,18.709004728441148,14.51922953941219,5,2,2,1,1,Muy Malo
2002-12,,27.415324758864294,56.84730738500578,17.611916038102347,17.27124172265394,5,2,2,1,1,Muy Malo
2003-01,,27.47975192432792,59.962838587879084,22.20191551302189,17.93029014989466,5,2,2,1,1,Muy Malo
2003-02,,26.9290058397701,60.64101882647054,22.76294635394957,16.832608560683475,5,2,2,1,1,Muy Malo
2003-03,,40.42720930234368,62.33008499520769,32.503108918549785,14.513281849353667,5,2,2,1,1,Muy Malo
2003-04,,28.100451653880576,51.28941451416516,45.92351848047035,10.207358093405121,5,2,2,1,1,Muy Malo
2003-05,,33.823664872269276,53.89912059583363,49.06108048812391,9.12396898963577,5,2,2,1,1,Muy Malo
2003-06,,47.7151481834087,57.98011983340956,52.03181592293738,9.316228741092708,5,2,2,1,1,Muy Malo
2003-07,,42.36422811330158,60.20728372774577,55.13748755107611,9.605297605319862,5,2,2,1,1,Muy Malo
2003-08,,43.23955221638311,54.75869398404383,60.442177685225616,9.372809364853794,5,2,2,2,1,Muy Malo
2003-09,,39.5069608757218,57.860608255938736,42.58556876152816,9.698474814582644,5,2,2,1,1,Muy Malo
2003-10,,24.195508275283945,54.14901239407023,26.071526347195306,9.090095643313804,5,1,2,1,1,Muy Malo
2003-11,,33.99433141717841,60.330177845434655,18.30872388176674,14.294380708852714,5,2,2,1,1,Muy Malo
2003-12,,37.81102751094577,67.37281701071957,14.390765495205159,18.723628422379257,5,2,2,1,1,Muy Malo
2004-01,,33.5865107377817,62.557937931568674,14.632864418386967,17.35093899370449,5,2,2,1,1,Muy Malo
2004-02,18.389621845665356,35.35779184648272,65.68891543383589,18.454117864367152,16.147239228841567,2,2,2,1,1,Bueno
2004-03,17.268464120083717,31.5047692937821,56.78145479404621,34.18343430956433,12.646924676375397,2,2,2,1,1,Bueno
2004-04,14.14536178767932,24.163132507679773,50.638976078748605,47.758307730271746,9.224867916421944,1,1,2,1,1,Bueno
2004-05,14.79384793491749,23.4846125687217,56.93775404215343,43.9268810578221,7.508255375255893,1,1,2,1,1,Bueno
2004-06,19.158236674290805,35.08654596609194,58.6829626241489,50.17384142061881,6.927535776021685,2,2,2,1,1,Bueno
2004-07,24.232175242989275,42.20933610512111,59.940499456359134,51.561900684066025,7.2854030020352125,2,2,2,1,1,Bueno
2004-08,17.10419208712452,31.805657480832615,52.45063771066201,46.686214231906455,6.728576987931085,2,2,2,1,1,Bueno
2004-09,22.575338528790994,44.75056376552027,64.75145915945201,34.15582170503459,8.574933487083245,2,2,2,1,1,Bueno
2004-10,18.842631677077655,33.0873389884475,62.57465616590838,25.101823765055773,8.891859502878129,2,2,2,1,1,Bueno
2004-11,28.10016359199844,40.49108630135032,74.92843767881143,12.772393729524675,17.856805356432936,2,2,2,1,1,Bueno
2004-12,17.5830628218035,27.1722502352566,63.58105073459227,17.926183569524515,17.28800877033574,2,2,2,1,1,Bueno
2005-01,24.781490319356823,41.800546463597904,80.81493715074389,15.878592200954163,22.725227340424574,2,2,2,1,1,Bueno
2005-02,16.195643389218308,25.831873293059914,67.32542059045849,28.819649843509115,15.610625675158067,2,2,2,1,1,Bueno
2005-03,20.089676490926806,37.24032313543625,61.420784561732596,33.93795737350873,13.428944346506471,2,2,2,1,1,Bueno
2005-04,14.25048496710535,24.464946512866003,52.89819697630559,47.781805915102154,8.963471534118355,1,1,2,1,1,Bueno
2005-05,15.701756052782523,30.035640317125072,51.8121934314325,47.73417545750096,8.001017345970066,2,2,2,1,1,Bueno
2005-06,18.494096603549895,34.37969889274607,54.950272934865616,50.28937329554357,8.022697334185265,2,2,2,1,1,Bueno
2005-07,20.084542362540986,36.65506254620343,52.70439054950974,56.88767871841253,8.22787965677776,2,2,2,1,1,Bueno
2005-08,20.987640974241025,40.27516421737416,51.11210373813101,46.246770298391866,8.226486022629159,2,2,2,1,1,Bueno
2005-09,19.33479330974812,39.952724787680495,62.716885448532786,33.60769222457589,9.15283495983852,2,2,2,1,1,Bueno
2005-10,18.45571962282193,34.75190681861769,63.71185189748379,20.334601677461812,8.587620413539192,2,2,2,1,1,Bueno
2005-11,18.61982355037652,33.443419922772456,68.78872465291525,17.34902765306674,13.562866584072319,2,2,2,1,1,Bueno
2005-12,17.582816782467177,31.2500491061631,73.58550036261227,16.353374395906346,16.861403089275495,2,2,2,1,1,Bueno
2006-01,17.361398103687918,29.520244624112063,70.63519946208845,16.777128981370662,15.168669368240325,2,2,2,1,1,Bueno
2006-02,21.49536283121751,41.36973944519776,75.5168645490849,19.470935604174112,17.74728349363379,2,2,2,1,1,Bueno
2006-03,15.830744581797203,31.099034253369496,51.3694158890904,30.246475140531558,11.634190144352434,2,2,2,1,1,Bueno
2006-04,14.81102452839849,29.061352548345486,52.7914169811387,39.272998634473886,8.58408573006345,1,2,2,1,1,Bueno
2006-05,19.51855455521478,41.573415044083845,57.49765610329197,43.10462911694938,7.975216289209037,2,2,2,1,1,Bueno
2006-06,22.041478191828883,43.3178074670527,59.28552899359791,54.90616775367925,8.181491037270044,2,2,2,1,1,Bueno
2006-07,22.79494638710511,45.53268318515648,59.495153649826634,56.57320445292956,8.670817098287975,2,2,2,1,1,Bueno
2006-08,15.964498623802855,34.137094247763585,46.4313165591847,57.18976029968778,8.195141571745456,2,2,1,1,1,Bueno
2006-09,20.033731360382358,40.996145866342225,60.85844502864537,36.664397040232586,9.09583942349082,2,2,2,1,1,Bueno
2006-10,18.40821443749265,38.00425184296591,59.81424872133716,24.742366048768865,8.72795825030028,2,2,2,1,1,Bueno
2006-11,17.569138122633525,32.71811232096734,64.81221285650516,17.453703865998136,10.459097575706338,2,2,2,1,1,Bueno
2006-12,18.51596087334531,35.28351509324511,70.92991553787931,16.373191803165685,15.841933130240726,2,2,2,1,1,Bueno
2007-01,22.37363941372887,43.06331300432143,69.00451703840362,13.494392159999617,16.558822230996388,2,2,2,1,1,Bueno
2007-02,15.79409931050723,30.728883239239398,54.828093227800196,24.51942970926796,13.54234326431379,2,2,2,1,1,Bueno
2007-03,14.336410265079072,28.503968565075407,56.35722955988918,39.44077146174125,12.316008075279363,1,2,2,1,1,Bueno
2007-04,16.734822902613296,29.477251827921183,59.34921574391798,43.49067782781712,8.697879875521904,2,2,2,1,1,Bueno
2007-05,15.520397225421293,27.620912946533146,57.758783751916035,42.62909498567194,6.85852059118799,2,2,2,1,1,Bueno
2007-06,14.864075230497468,26.76052291159895,56.764365737418544,44.93467544618493,7.114833233807784,1,2,2,1,1,Bueno
2007-07,14.932673202752664,32.909147705271145,48.06772477540562,51.73978748874926,7.457545530400624,1,2,1,1,1,Bueno
2007-08,16.665754146347346,35.96417845736309,42.033732056654834,54.91836988669009,7.136459574113377,2,2,1,1,1,Bueno
2007-09,17.97990828531679,34.92702575827713,55.39240127271674,41.843261345496884,6.627054483112452,2,2,2,1,1,Bueno
2007-10,18.182265599128375,30.91398003479628,63.03685022192119,25.01315769445161,8.151527856705135,2,2,2,1,1,Bueno
2007-11,22.074485818251166,41.36520919343077,82.66332882358884,16.493409823236483,18.14418645819366,2,2,2,1,1,Bueno
2007-12,19.721875395959476,35.51108218670077,75.06604809935841,13.08378403487559,19.04379351266034,2,2,2,1,1,Bueno
2008-01,17.938795863634518,32.9330884323545,66.07668330233301,16.936224391253464,16.4780834533694,2,2,2,1,1,Bueno
2008-02,16.101254516479557,29.75970034258281,64.52750556778662,22.487169054783347,14.579671153320705,2,2,2,1,1,Bueno
2008-03,11.461703257219256,21.795521108512645,47.470283287547225,42.648762616623166,10.824358278436916,1,1,1,1,1,Muy Bueno
2008-04,11.625140605220057,22.532622149742522,50.933437000000076,47.81415493999589,7.917273212729952,1,1,2,1,1,Bueno
2008-05,11.775438037813862,21.799417916856527,48.75406838960586,48.40465985151636,7.065775558599178,1,1,1,1,1,Muy Bueno
2008-06,14.732606255939059,24.706862148133897,49.29541346731991,58.243460946663376,7.115617582783859,1,1,1,1,1,Muy Bueno
2008-07,14.70752382621301,30.343194561781452,48.95926969325628,58.123117449933645,7.458282562342719,1,2,1,1,1,Bueno
2008-08,13.259237831802585,29.085231381584013,45.515176170024866,58.867299852929364,7.738732343175972,1,2,1,1,1,Bueno
2008-09,14.12674659816043,27.013005745909663,54.02481131802266,41.4114161494408,8.081211650727695,1,2,2,1,1,Bueno
2008-10,17.243703114662736,33.992498631623086,59.785975638022215,28.338045458147263,8.936616245007494,2,2,2,1,1,Bueno
2008-11,13.799219746225674,20.895523391199017,60.289580687488424,23.332243850842335,13.896631475647876,1,1,2,1,1,Bueno
2008-12,16.409536070154424,24.162287440631232,69.86196934161117,18.96394988681685,17.197641087842115,2,1,2,1,1,Bueno
2009-01,12.532863179174884,19.311485099736903,57.313962984535316,24.66278984918551,14.790502342481782,1,1,2,1,1,Bueno
2009-02,13.940339852993175,23.6703865969439,65.38281771068783,27.39680198204385,15.64652217896977,1,1,2,1,1,Bueno
2009-03,13.50033681008823,25.295823477432908,59.16701380319896,43.008151215914594,12.832535821238585,1,2,2,1,1,Bueno
2009-04,11.102296793865127,19.705018834123138,51.436055222292325,53.34762326211094,9.80213802734394,1,1,2,1,1,Bueno
2009-05,11.373532788896698,25.12757146784437,46.321842842688135,54.81049338506492,7.965607838384614,1,2,1,1,1,Bueno
2009-06,12.285179608929061,25.503473795164336,45.28123309989335,61.22221332417926,7.351936688498356,1,2,1,2,1,Bueno
2009-07,12.84615523907413,29.113572137698405,47.03988087522633,61.714246285618486,7.710263570038139,1,2,1,2,1,Bueno
2009-08,13.637685291701874,29.001290702514627,48.54585969203988,65.78540298075934,7.70965860385706,1,2,1,2,1,Bueno
2009-09,13.285248602162286,25.9833479176662,50.285251498564314,57.57451654452281,7.6866627709185,1,2,2,1,1,Bueno
2009-10,13.77208664923413,26.799850983305287,65.36702945755543,29.792213070983507,8.812607848169945,1,2,2,1,1,Bueno
2009-11,14.38157747197729,26.40348419810941,62.76763133315646,27.58413554263728,11.741767065240953,1,2,2,1,1,Bueno
2009-12,10.656565814782736,17.030524101828497,53.813774062488235,25.63492583054345,11.861211380416703,1,1,2,1,1,Bueno
2010-01,10.58185439486425,16.38128489711005,47.057500780066995,31.210502071888346,12.0677684556405,1,1,1,1,1,Muy Bueno
2010-02,9.441490466788867,15.140553284841054,45.48357376520243,40.615906496331526,12.02553399936657,1,1,1,1,1,Muy Bueno
2010-03,13.900458737101737,25.268565428335584,41.35574998118028,51.00331422554593,12.311399008062414,1,2,1,1,1,Bueno
2010-04,10.203496989799683,18.764204791105044,37.77849141262983,62.65190283058628,10.234123373043671,1,1,1,2,1,Bueno
2010-05,11.622038157780965,19.77908764531382,28.228746482059652,66.14449681442916,9.580099075478584,1,1,1,2,1,Bueno
2010-06,10.486236004710197,18.93749785667581,34.918583812642176,60.019922670415546,7.103484807781855,1,1,1,2,1,Bueno
2010-07,14.148561862514736,27.500596668033047,41.5198159674087,68.07384012576205,6.905945914484192,1,2,1,2,1,Bueno
2010-08,14.544502926325938,30.273589224527605,34.95812831440701,63.63584853862731,6.920772680030342,1,2,1,2,1,Bueno
2010-09,12.18573786569405,25.966924566325957,48.607899948877346,46.126904332687786,7.251955056223976,1,2,1,1,1,Bueno
2010-10,13.127490869154725,25.373169066188836,58.9725578197608,32.677696392565544,9.316527533823313,1,2,2,1,1,Bueno
2010-11,11.207919900886184,18.018650520170127,53.34398930601858,29.126971862353642,10.336881502998098,1,1,2,1,1,Bueno
2010-12,11.618093854697712,19.348657330694515,58.421472516474346,19.686504665977697,11.969733499377543,1,1,2,1,1,Bueno
2011-01,12.137458501561653,20.078445241718786,55.5831817156267,21.262576982344545,11.790788800579364,1,1,2,1,1,Bueno
2011-02,13.191685337316406,23.698720337930176,61.56410575427683,29.377120904919433,10.983440250634045,1,1,2,1,1,Bueno
2011-03,10.340342857142858,18.815186731355073,40.75365592004969,49.54506892895016,8.247936121261334,1,1,1,1,1,Muy Bueno
2011-04,13.470464135021096,27.27108574091333,40.117124441089366,59.88583108983946,6.65655153125437,1,2,1,1,1,Bueno
2011-05,11.114001357159013,20.15541530485743,36.54533693328833,59.42450914014895,6.147098698481562,1,1,1,1,1,Muy Bueno
2011-06,12.302607076350093,23.850835182805746,37.05070357018258,65.60648240206801,6.241451500348918,1,1,1,2,1,Bueno
2011-07,10.966807909604519,21.940062362859454,30.391399082568807,68.98133595284872,5.682010654282202,1,1,1,2,1,Bueno
2011-08,12.61367207962284,25.3127417794971,34.00917327930666,63.181284862473554,5.601380617217109,1,2,1,2,1,Bueno
2011-09,12.699810606060606,27.19932036559644,50.09395659041713,50.40013917884482,5.197714922669639,1,2,2,1,1,Bueno
2011-10,13.150501672240802,28.707577975453216,50.25861101761472,34.00374747765927,3.8650975117686617,1,2,2,1,1,Bueno
2011-11,11.985866543095458,19.897994667903095,47.633234662487666,21.388176850471933,5.620170177151625,1,1,1,1,1,Muy Bueno
2011-12,13.539842873176207,22.84641255605381,55.66249157492698,16.440119472010792,7.321577601292233,1,1,2,1,1,Bueno
2012-01,14.366764110636383,20.997863488136737,58.95501574448943,15.122356785851595,9.33346850500135,1,1,2,1,1,Bueno
2012-02,10.508784773060029,16.14261542180324,48.039780272848,34.087610160705026,8.50799651061355,1,1,1,1,1,Muy Bueno
2012-03,10.815381155835395,22.236134548318145,43.01590960197886,43.08362268518518,5.953287430808694,1,1,1,1,1,Muy Bueno
2012-04,7.712573443008226,13.71232238527836,26.442511346444782,56.37104027180973,2.757737011623022,1,1,1,1,1,Muy Bueno
2012-05,10.773414579101782,22.352994045612853,32.44054569952841,53.52390131071704,2.6582534755027667,1,1,1,1,1,Muy Bueno
2012-06,13.480289246559366,38.92112315041361,26.75908746134547,57.41711820188642,2.6678360931799046,1,2,1,1,1,Bueno
2012-07,12.558999081726354,30.809820821047857,28.729373309287645,64.74807247494218,2.742150333016175,1,2,1,2,1,Bueno
2012-08,15.287550744248986,42.20969370582296,29.04904876816881,53.684326923076924,2.4095801937567276,2,2,1,1,1,Bueno
2012-09,11.985159010600707,22.741411544753447,33.61393618876039,48.192919649960224,2.3021602787456446,1,1,1,1,1,Muy Bueno
2012-10,11.530337078651685,20.084688726864833,46.09764857736124,26.279515058212258,3.014272249899017,1,1,1,1,1,Muy Bueno
2012-11,10.014581373471307,16.701456027955736,40.42378685860228,24.091546474358974,4.5950782997762865,1,1,1,1,1,Muy Bueno
2012-12,12.50067234424025,15.755351339235682,50.03700787401575,17.706869934388266,5.6633023819136055,1,1,2,1,1,Bueno
2013-01,10.553635709143268,14.19580338511477,44.28777676329605,26.713877108196076,5.336220142478,1,1,1,1,1,Muy Bueno
2013-02,8.973229922441831,11.55935162094763,38.34026782933665,35.599551617380165,5.196532655806307,1,1,1,1,1,Muy Bueno
2013-03,7.537037037037037,11.77304964539007,28.55133828160144,48.27457233980864,3.9870689655172415,1,1,1,1,1,Muy Bueno
2013-04,8.993031358885018,16.555942837225516,26.62290049808873,58.82337714058144,3.4442431000836353,1,1,1,1,1,Muy Bueno
2013-05,7.9401076716016155,14.171675263511998,25.678918130295717,64.945,2.910010793308149,1,1,1,2,1,Bueno
2013-06,9.490141498492228,21.76062717770035,24.013137151865475,74.15911379657604,2.8796981975688136,1,1,1,2,1,Bueno
2013-07,12.790886532822016,30.310790877113355,28.835199004975124,82.80046202714409,3.2292490118577075,1,2,1,2,1,Bueno
2013-08,11.488779174147217,28.368940754039496,25.524973313107477,73.9722917067539,3.348815293484114,1,2,1,2,1,Bueno
2013-09,10.96656605525888,22.004988399071927,37.369905227048086,53.51586591067343,3.5993036211699163,1,1,1,1,1,Muy Bueno
2013-10,10.17309007981756,19.133287997279837,41.30500196485713,29.099633840817113,3.907008086253369,1,1,1,1,1,Muy Bueno
2013-11,8.270207314232472,14.084117578714999,39.416463485429006,29.400837571043972,6.217494419642857,1,1,1,1,1,Muy Bueno
2013-12,11.938063063063064,15.88752808988764,56.65949679883185,21.600885637273777,9.027762803234502,1,1,2,1,1,Bueno
2014-01,8.601887216355875,13.036471776456066,38.27570513540847,34.379573317887825,5.851726929303831,1,1,1,1,1,Muy Bueno
2014-02,7.812733150957473,12.412181479179615,35.38248075490439,40.987305312566676,5.16982539919415,1,1,1,1,1,Muy Bueno
2014-03,10.898097826086957,18.986582478295187,38.30747191011236,50.563120840968274,6.438393097870046,1,1,1,1,1,Muy Bueno
2014-04,9.636321519573778,17.264647870982714,29.60456207557026,53.566978503184714,4.708333333333333,1,1,1,1,1,Muy Bueno
2014-05,9.931339225016995,17.163882618510158,24.739381697806206,72.21334233105176,3.647384034519957,1,1,1,2,1,Bueno
2014-06,10.550835654596101,20.21785631248547,25.66436808251724,76.14786842889794,3.826783723522854,1,1,1,2,1,Bueno
2014-07,11.20556552962298,21.363295880149813,27.45589396503102,76.2682642864073,4.148318872017353,1,1,1,2,1,Bueno
2014-08,10.431097008159565,22.2406520747834,23.07089278664486,71.71176527926698,4.189262842349094,1,1,1,2,1,Bueno
2014-09,10.949544498948844,20.196604215456674,32.9936760269204,52.687450199203184,3.8018169112508735,1,1,1,1,1,Muy Bueno
2014-10,13.625197205318909,26.847650101191814,44.33150916784203,34.91962129262873,3.816378845116028,1,2,1,1,1,Bueno
2014-11,11.234864546525325,21.324090324090324,41.53222900319675,33.25544077825695,5.437963351517695,1,1,1,1,1,Muy Bueno
2014-12,12.391904761904762,19.85951815405497,59.23509593421654,21.871643552670402,9.158548104169478,1,1,2,1,1,Bueno
2015-01,12.080108359133128,18.210165619645917,66.19191408007198,22.7045191193511,9.712299176454705,1,1,2,1,1,Bueno
2015-02,8.316012725344645,12.035345717234263,36.109240553685,47.8032927090015,6.427950868783703,1,1,1,1,1,Muy Bueno
2015-03,10.197487787857641,16.992460589444825,41.606965734896306,45.38885125326623,7.163395153648301,1,1,1,1,1,Muy Bueno
2015-04,8.532836516068933,18.011660447761194,29.25796608180271,64.66811961479979,5.331855242454584,1,1,1,2,1,Bueno
2015-05,8.66636176537846,20.807805763557976,28.415249465029845,70.41547802621434,5.213505863323898,1,1,1,2,1,Bueno
2015-06,11.42232630757221,22.633681622618315,30.710469650235698,82.23464802795806,5.3147993311036785,1,1,1,2,1,Bueno
2015-07,12.241433429244049,28.74443907156673,33.29014227642276,77.74844720496894,4.912459283387622,1,2,1,2,1,Bueno
2015-08,10.279535624857727,25.770121466681804,26.289705384354892,69.2824074074074,5.5966239027684,1,2,1,2,1,Bueno
2015-09,8.133085155886459,16.345443993035403,35.619953461314715,56.615346038114346,6.080453337064503,1,1,1,1,1,Muy Bueno
2015-10,10.504430811179278,17.827327498010686,42.200755653301755,32.17537566650509,6.660694896851249,1,1,1,1,1,Muy Bueno
2015-11,14.532208948231435,21.962090283448035,56.46351730589336,24.118167202572348,8.905562561300266,1,1,2,1,1,Bueno
2015-12,22.465587044534413,32.11930732036433,64.67039325842697,14.492475400347288,11.119050829176217,2,2,2,1,1,Bueno
2016-01,12.065256525652565,14.621770388676701,42.03736634777715,30.615607215202083,8.790133441164578,1,1,1,1,1,Muy Bueno
2016-02,10.099686973272334,21.24161154539988,35.59396235492213,43.005758354755784,8.45774953055034,1,1,1,1,1,Muy Bueno
2016-03,8.826892655367232,13.73466396030672,36.19795125795013,52.58115942028986,8.548169166328874,1,1,1,1,1,Muy Bueno
2016-04,6.246680642907058,10.629888268156424,32.385141796671114,54.07047713717694,7.742029792565781,1,1,1,1,1,Muy Bueno
2016-05,7.072784810126582,12.936964366260712,30.86118469255481,60.95351551103764,7.262209067671196,1,1,1,2,1,Bueno
2016-06,9.20642418516769,21.14605137963844,30.073953488372094,66.7292249300839,7.947079521463758,1,1,1,2,1,Bueno
2016-07,10.997748761819,25.675508598403958,30.925501432664756,78.61637099884304,5.792391744233104,1,2,1,2,1,Bueno
2016-08,9.867483548899479,24.488569488456314,28.57567248834728,71.29354000192548,5.922558014031301,1,1,1,2,1,Bueno
2016-09,11.523141654978962,23.70207798272239,43.38998835855646,52.12908692185008,6.873690093614643,1,1,1,1,1,Muy Bueno
2016-10,12.35901491188432,23.855653750283253,49.1005282085862,32.51523680124224,7.464533696392103,1,1,1,1,1,Muy Bueno
2016-11,11.10707502374169,17.900229773854154,48.88941231892592,24.21545180409691,7.858485111303845,1,1,1,1,1,Muy Bueno
2016-12,15.120171673819742,20.079104279846298,55.68684872439813,18.782227268035918,10.023439974659487,2,1,2,1,1,Bueno
2017-01,13.389226955149876,19.65831923293852,53.18029102758582,25.87019089574156,10.371193748315818,1,1,2,1,1,Bueno
2017-02,11.853066332916145,25.897025743564107,42.51820728291317,37.02221030042919,8.782135401133313,1,2,1,1,1,Bueno
2017-03,9.179643421349583,17.05116331601536,40.95607424071991,48.51259530933308,8.20745542949757,1,1,1,1,1,Muy Bueno
2017-04,7.860438024231128,17.24403369209172,30.65302915672467,68.799,5.381510962156123,1,1,1,2,1,Bueno
2017-05,7.835712667119873,16.59784702549575,30.404014207588656,66.82069572014852,5.108316430020284,1,1,1,2,1,Bueno
2017-06,10.448086124401915,23.904086935979212,31.438700234192037,72.32034018426648,5.539689325922759,1,1,1,2,1,Bueno
2017-07,9.16715875539405,22.9033171063059,32.92530487804878,64.59319583654587,5.323441734417345,1,1,1,2,1,Bueno
2017-08,9.4785151856018,23.368379624423703,27.96274377184083,65.73126640101079,6.221533486053093,1,1,1,2,1,Bueno
2017-09,8.290208969241606,16.847447728069152,39.92524345442883,51.71365770806274,6.920446516885686,1,1,1,1,1,Muy Bueno
2017-10,9.40693225298222,20.202643171806166,53.03441477976794,33.58370384689735,5.063457627118644,1,1,2,1,1,Bueno
2017-11,11.517273576097105,20.31717289719626,62.454503249767875,21.465302046929605,8.066218675626487,1,1,2,1,1,Bueno
2017-12,11.096599864895294,15.935353080301836,53.367709735307315,23.29425398358281,7.341961106546152,1,1,2,1,1,Bueno
2018-01,9.659122220035426,15.155433866891324,48.531392276993984,25.47342481638964,6.380752002171848,1,1,1,1,1,Muy Bueno
2018-02,8.834441346772465,13.742207342415147,45.906248057196144,35.52125732551944,6.204806687565308,1,1,1,1,1,Muy Bueno
2018-03,4.630443714050945,8.029896150215043,29.478721008781807,58.96793200038636,4.441053342336259,1,1,1,1,1,Muy Bueno
2018-04,7.70953488372093,17.30491376505044,31.010706388921214,59.165211281742444,4.579058327477161,1,1,1,1,1,Muy Bueno
2018-05,2.6666666666666665,4.461538461538462,29.125,56.357142857142854,4.5,1,1,1,1,1,Muy Bueno
